{
  "baseline": {
    "acc": 0.13333333333333333,
    "f1_macro": 0.1155375216969861,
    "log_loss": 1.792496061281331
  }
}